Date,Open,High,Low,Close,Volume
2023-01-02,22965.239718961235,23185.51164279565,22809.979261135537,23121.189453125,23428
2023-01-03,23136.27409809839,23451.42743231006,23118.53004467846,23395.484375,20755
2023-01-04,23362.95008254881,24240.344872780097,23323.56891785185,23666.177734375,94884
2023-01-05,23786.83719237833,24033.085970618835,23564.790099406422,23893.3515625,44843
2023-01-06,23954.470864166517,24020.17353249211,23217.205098054364,23513.876953125,28542
2023-01-09,23631.478471410275,23706.053162941946,23326.527611223188,23414.55859375,17654
2023-01-10,23501.015434325855,23560.162285251172,22875.044595366253,23224.50390625,31716
2023-01-11,23264.422937490395,23433.927147184088,22919.39971595982,23182.306640625,19213
2023-01-12,23195.41991469731,23658.736844570143,23170.332565976223,23515.650390625,37645
2023-01-13,23656.765583736367,23944.859997514475,23412.29196656966,23796.5,42213
2023-01-16,23777.033401859335,23934.75833321495,23639.516977333657,23718.28125,25269
2023-01-17,23658.73538716326,23850.371528869844,23590.37188477133,23748.984375,18810
2023-01-18,23673.573277471296,23795.365326241248,23478.33864210492,23717.78515625,22616
2023-01-19,23658.737622747492,24131.912375202442,23510.772319602493,24042.69921875,28281
2023-01-20,24003.760799153777,24420.746048354682,23855.893689508066,24073.701171875,44330
2023-01-23,24102.286432569017,24200.42166478592,22618.736638160164,22709.478515625,67600
2023-01-24,22823.04225436981,23015.71233084682,22120.969977892993,22286.92578125,84528
2023-01-25,22327.93274758752,22468.504689660687,21689.196916236444,21831.888671875,47092
2023-01-27,21941.061801446995,22061.6716729941,21105.562682337422,21589.77734375,52018
2023-01-30,21549.167435091487,22406.79669714682,21549.167435091487,22264.203125,54148
2023-01-31,22381.359899582767,23405.980675599098,22381.359899582767,23347.771484375,82554
2023-02-01,23402.630446966064,24319.21012148321,23116.557654997214,23576.8671875,111351
2023-02-02,23510.871909342408,24348.68739025161,23412.293830057955,24174.548828125,72967
2023-02-03,24151.627179789983,24390.97550418638,23924.89761851032,24119.6875,54355
2023-02-06,23973.1494111717,24013.566417557002,23658.735445054488,23777.96484375,30089
2023-02-07,23788.86181883636,24062.908876089656,23683.38327521729,23917.259765625,38892
2023-02-08,24022.340951230697,24254.985189894694,23412.290967245284,23895.2734375,81785
2023-02-09,23619.305738919837,23806.60407324349,22762.169414212374,22869.916015625,72685
2023-02-10,22961.294516508544,23731.682051751708,22428.48010473768,23629.751953125,70017
2023-02-13,23657.749174916426,24200.91429827069,23473.802895707664,23850.37109375,77436
2023-02-14,23802.463030973548,24377.369532097713,23719.607397749693,24284.509765625,75478
2023-02-15,24210.772486609738,24644.515967640204,23944.661773332282,24536.623046875,54111
2023-02-16,24594.347272840238,24861.977698110863,24521.267378116892,24805.291015625,50403
2023-02-17,24639.773532166764,25726.146362783322,24521.5124948731,25437.134765625,132205
2023-02-20,25281.694576011603,26591.157199907644,25222.440604349074,26183.244140625,187893
2023-02-21,26131.048906375974,26712.675183882355,25990.270588628926,26201.017578125,128006
2023-02-22,26200.130938474354,26200.130938474354,25553.275086054426,25888.94921875,93446
2023-02-23,25893.937394932564,26169.66705423919,25269.8456634586,25315.916015625,78884
2023-02-24,25429.82682663157,25553.2725879259,24886.66547693653,25096.8203125,31612
2023-02-27,25034.801435096593,25681.558880424564,24570.645353262455,25326.18359375,38186
2023-02-28,25452.84194817495,25888.061622082154,25302.434837085788,25763.578125,63139
2023-03-01,25587.837123343113,26091.495823956968,25577.911312706783,26002.12109375,29240
2023-03-02,25972.93843674464,26455.908412397384,25833.741765646464,26246.34765625,45919
2023-03-03,26126.062151729988,26283.629100408674,25133.608333986842,25336.8984375,93972
2023-03-06,25429.82679046807,25570.851999506165,24896.541102434952,25253.49609375,64371
2023-03-08,25055.540769468822,25822.781296492627,25054.553203319698,25691.236328125,36651
2023-03-09,25805.102944834078,26121.025735196527,25187.874114351056,25243.029296875,45802
2023-03-10,25084.1810731712,26332.31620903022,24837.289527175417,25856.2109375,67356
2023-03-13,25706.396598986692,25825.841951270242,25184.911530774873,25446.56640625,36270
2023-03-14,25446.566972848177,25478.51628104309,24748.458000764047,24911.109375,50043
2023-03-15,25084.182371240637,25232.95961032474,24881.287659777885,25016.138671875,36837
2023-03-16,25083.192910218022,25329.492296411598,24723.668677956543,25156.22265625,40517
2023-03-17,25156.22239251053,25281.693443421063,24747.42015619877,24848.892578125,41257
2023-03-20,25012.233194619188,25062.59906181117,24443.838798331362,24764.40234375,35356
2023-03-21,24876.78936687287,24876.78936687287,24568.718902085086,24830.275390625,29461
2023-03-22,24913.77711959681,25380.45231690545,24796.009845713892,25177.013671875,52197
2023-03-23,25084.23123750039,25319.3703602745,24908.394306804585,25097.16796875,27917
2023-03-24,25097.16808972759,25271.81878453969,24798.37916761462,25194.443359375,35202
2023-03-27,25133.556331638498,25485.031479623787,25016.6281238797,25265.544921875,37651
2023-03-28,25242.19112884376,25264.262846821017,24815.167134151154,24880.099609375,23209
2023-03-29,24879.653931497545,25690.740797291623,24719.766597063306,25483.845703125,41315
2023-03-31,25513.77255361427,26096.436606512758,25430.174689748164,25861.345703125,42060
2023-04-03,25972.941578645787,26056.9348576537,25508.835602546715,25934.328125,39037
2023-04-05,25879.168970404156,26269.15919881335,25824.852836331564,26205.015625,21471
2023-04-06,26072.783894752072,26242.05118861332,25679.337157559035,25839.37109375,18301
2023-04-10,25800.2624417541,26146.749618255184,25595.3926281605,25677.458984375,28668
2023-04-11,25677.45970730259,26024.342305773403,25676.719032715107,25875.615234375,45833
2023-04-12,25875.61535286345,26154.701152936694,25724.369215639,25792.166015625,25784
2023-04-13,25874.23388794047,25874.23388794047,25454.765153440367,25487.3046875,27530
2023-04-17,25528.583038036984,25775.47455678009,25134.54417412299,25214.685546875,19918
2023-04-18,25281.692871946005,25722.98641039006,24901.578283583767,24949.525390625,31230
2023-04-19,25024.9256794931,25143.43361483403,24368.19420447878,24451.099609375,20893
2023-04-20,24516.280913387698,24589.262441777017,23875.350445712415,23952.826171875,37209
2023-04-21,23996.868089241605,24046.246393059133,23533.74974927302,23590.041015625,21807
2023-04-24,23749.185111218183,23790.466143642672,23257.180476661888,23573.546875,29799
2023-04-25,23662.08156444674,23883.54324186023,23560.017003232846,23779.009765625,45207
2023-04-26,23701.536313382636,23968.179161093904,23405.31663243349,23664.552734375,35697
2023-04-27,23740.104426193775,23761.830883091992,23259.653458876364,23450.55078125,31520
2023-04-28,23551.478112545887,24096.614640478012,23379.641598306414,24031.87890625,33989
2023-05-02,24047.236185651283,24096.61449404071,23659.172831554843,23890.85546875,34660
2023-05-03,23829.973369570554,24022.548786357387,23653.395754334506,23956.92578125,28202
2023-05-04,23948.478466582394,24261.486777519898,23820.094870679066,24152.3125,22757
2023-05-05,24106.490384148106,24313.87928134889,23997.858104661984,24211.369140625,26761
2023-05-08,24215.12152760804,24402.75909246308,24215.12152760804,24265.8828125,16402
2023-05-09,24294.52257908375,24433.67103468146,23769.6793940225,23906.013671875,23539
2023-05-10,23973.8589115486,24168.557964564952,23816.392259839693,24128.01953125,14179
2023-05-11,24145.989081999007,24624.958599576494,24096.610781217823,24567.53125,19207
2023-05-12,24294.173860078117,24614.09509569392,23909.02311833038,24443.09765625,41410
2023-05-15,24443.100422891897,24738.531212339403,24140.610078785176,24286.17578125,19341
2023-05-16,24286.174828716325,24441.124332048388,24032.518867471386,24094.982421875,12024
2023-05-17,24096.61319694705,24539.980232573704,24047.2348912156,24115.376953125,28274
2023-05-18,24205.24475075737,24363.205174565457,23602.82943872302,23686.08203125,17375
2023-05-19,23776.19835997744,24193.39489738085,23432.573569946486,24105.15625,29803
2023-05-22,24024.7177711081,24606.444366312477,23932.87412184037,24164.41015625,33885
2023-05-23,24106.490370336487,25133.559193980484,24106.490370336487,24457.8671875,64597
2023-05-24,24343.506772208424,24392.885082091198,23410.997390072203,23692.50390625,76229
2023-05-25,23732.991460032496,23997.85591301795,23543.57551301843,23945.61328125,37451
2023-05-26,23948.47697381591,24774.77272533113,23877.372217440043,24666.4375,48742
2023-05-29,24738.530248354487,25152.81421798262,24681.646828042438,24947.251953125,32876
2023-05-30,24886.664817375924,25563.14757134031,24803.75941782387,25268.802734375,54929
2023-05-31,25207.62193721147,25271.813726669596,24677.447520354868,24852.294921875,208322
2023-06-01,25040.150755203962,25134.22529638578,24844.381530619095,24908.814453125,31272
2023-06-02,25040.151077317878,25040.201337008468,24713.490151401405,24781.23828125,43663
2023-06-05,24910.443876308454,25038.16920228778,24453.88295799828,24565.12890625,37650
2023-06-06,24693.744598273595,25592.36849069903,24522.57169902376,25528.87890625,77331
2023-06-07,25530.066705296682,25599.89287902893,25253.18994000082,25530.66015625,39831
2023-06-08,25530.659553689904,25869.44465050462,25298.12343872665,25368.740234375,36793
2023-06-09,25410.458430100305,25681.49540734196,25110.07559303663,25186.43359375,21413
2023-06-12,25287.583543877412,25485.33223068725,25119.874687690117,25451.28515625,17611
2023-06-13,25633.98880917004,25950.702184418475,25485.87543316351,25895.27734375,34032
2023-06-14,25930.90397645837,26118.902257061785,25817.877679680016,25966.6328125,26924
2023-06-15,25966.635789387798,26013.94562185708,25748.746503352,25876.76953125,23905
2023-06-16,25901.21272101245,26128.850433119173,25841.879229713166,25943.919921875,31673
2023-06-19,26148.4515283933,26307.005392635292,25550.011306917342,25731.97265625,33881
2023-06-20,25643.88307683507,25919.820345692857,25475.629116083936,25682.6796875,18089
2023-06-21,25683.474503253998,25876.125691873094,24988.982249160785,25397.1953125,62343
2023-06-22,25386.557402220806,25708.219435582276,25252.99420190183,25392.841796875,35342
2023-06-23,25386.556089588245,25386.606349278358,24808.554188757073,24886.990234375,25869
2023-06-26,22398.316524035556,23897.014127805684,22373.424445340774,23458.712890625,438935
2023-06-27,23862.373045027063,24027.16297086684,23397.497973406564,23771.466796875,154928
2023-06-28,23802.990002469276,24050.372071285547,23582.97240273394,23806.35546875,71538
2023-06-30,23833.66978400901,23961.344855730997,23605.04232999522,23641.1171875,46765
2023-07-03,23951.448378098958,23961.34567081718,23704.01606014339,23873.259765625,30015
2023-07-04,23873.26103146499,23950.361332441058,23723.862163187783,23834.611328125,17326
2023-07-05,23765.379386127595,24307.553856993138,23757.065273592416,24181.560546875,43292
2023-07-06,24297.803327493224,24297.853587182733,23931.653757151875,23969.80859375,22295
2023-07-07,23969.80920091512,24018.30593639089,23479.19922933446,23638.05078125,35053
2023-07-10,23661.45903506408,23843.569231343485,23511.070436960465,23770.626953125,24408
2023-07-11,23828.029731976476,24096.7412272559,23318.912611765925,23709.310546875,105568
2023-07-12,23575.351851743024,24090.505950770403,23482.31729783606,24012.21875,62988
2023-07-13,24062.29807339457,24260.145341583397,23768.348479457494,23904.880859375,32096
2023-07-14,24022.710439442584,24154.344441108944,23754.890067778037,24089.666015625,20770
2023-07-17,24188.98133926771,24275.43379717132,23822.781539941647,23870.23828125,36264
2023-07-18,23911.808109399688,24004.64548506855,23210.04175365083,23702.283203125,17119
2023-07-19,23802.9900247836,23877.121137087106,23660.418743737613,23781.513671875,29499
2023-07-20,23368.79579437417,23501.86412325578,23110.17875948422,23168.623046875,101108
2023-07-21,23187.427237451153,23218.108844345064,22789.505817396188,22851.611328125,37839
2023-07-24,22961.72180950639,23082.766486926554,22853.048749440488,22998.341796875,35964
2023-07-25,23083.45661720061,23466.431599152987,22961.71991249214,23438.572265625,32141
2023-07-26,23506.070582362663,24090.010862092935,23322.37721318255,24025.18359375,87313
2023-07-27,24050.422748647637,24064.624977937627,23520.571537791995,23624.39453125,36633
2023-07-28,23812.589346807097,23936.45435573552,23628.352783438808,23801.060546875,22865
2023-07-31,23555.558103004976,24049.43303970243,23555.558103004976,23860.791015625,30798
2023-08-01,23951.451032191406,23951.451032191406,23734.551451623625,23854.5078125,47864
2023-08-02,23852.47519492789,23852.47519492789,23659.47798899383,23798.138671875,34126
2023-08-03,23793.09174945837,23974.954503574965,23615.336758442303,23866.677734375,24563
2023-08-04,23981.13964035511,24036.564478153705,23854.949161438675,23975.3984375,18589
2023-08-07,24149.395213277494,24149.395213277494,23795.913002876692,24004.349609375,8891
2023-08-08,24050.420914858896,24127.124932179948,23872.41849482426,24020.779296875,20046
2023-08-09,24099.90889422579,24121.682939222625,23765.38038472894,24081.154296875,30445
2023-08-10,23951.548143050397,24144.446774233948,23681.20319253568,23926.26171875,37905
2023-08-11,23930.81351339683,24030.627326366364,23804.07790371525,23862.966796875,12901
2023-08-14,23853.463577946404,23881.918292599985,23408.085435542525,23476.921875,16303
2023-08-16,23446.687703146883,23727.424812723075,23264.627767086557,23674.8203125,17783
2023-08-17,23713.91423527771,23791.855418333973,23476.52804721078,23546.798828125,22943
2023-08-18,23566.446229845777,23600.046769017466,23210.143653610234,23295.5078125,19865
2023-08-21,23426.84335967235,23530.815200693687,23282.640567189002,23367.70703125,24001
2023-08-22,23486.275030279834,23687.091481100313,23415.31221649902,23617.611328125,16676
2023-08-23,23624.54198594906,24040.526006626125,23382.35598627181,23427.388671875,40294
2023-08-24,23506.02071704728,23674.324958466746,23355.68238217862,23614.544921875,48660
2023-08-25,23575.34933327481,23653.439353069785,23368.495932323745,23607.318359375,21989
2023-08-28,23703.027730149704,23846.538483035907,23508.447330435636,23773.64453125,13891
2023-08-29,23777.25481117978,23919.725559351984,23761.41914363987,23882.36328125,15323
2023-08-30,23901.962562595945,24075.16518986113,23719.85237164283,23800.861328125,17040
2023-08-31,23803.980758791775,23852.477497271706,23550.61004346806,23556.697265625,61972
2023-09-01,23585.249499022884,23931.15989347981,23575.352205905376,23891.421875,27413
2023-09-04,24337.444190180737,25528.780609785954,24197.89235484867,25407.88671875,119316
2023-09-05,25436.04439708194,25572.924739962335,25139.125590890322,25460.837890625,41937
2023-09-06,25436.04228721124,25554.46378120419,25238.096432836057,25386.853515625,37280
2023-09-07,25376.657338681736,25530.065368615262,25232.20713146383,25474.443359375,22670
2023-09-08,25436.04127076489,25781.653945466987,25386.554809148616,25706.3359375,30009
2023-09-11,25703.270252142807,25786.654946742074,25445.940630827554,25532.443359375,20820
2023-09-12,25683.377007889983,25928.878203393655,25243.689761927482,25767.701171875,46577
2023-09-13,25635.96833083001,26058.385569332768,25584.502407225533,25969.0625,40313
2023-09-14,25930.90695311023,26228.815464289088,25881.81676778146,26173.390625,88963
2023-09-15,26128.85198083544,26839.42731668677,25893.296421311243,26519.052734375,57876
2023-09-18,26401.374955927615,26547.11259457862,26035.818827527044,26120.935546875,20562
2023-09-20,26079.31713510729,26221.542397209425,25782.448600930282,25839.60546875,28131
2023-09-21,25831.935662218177,26227.77713681222,25683.476261860604,26023.546875,29874
2023-09-22,25985.343682455838,26170.670500377753,25554.811421862873,25673.28125,50277
2023-09-25,25673.279727853354,25786.356297638213,25515.27099538935,25590.884765625,25519
2023-09-26,25648.834988659226,25974.307084624666,25648.834988659226,25765.623046875,15228
2023-09-27,25817.089050460196,26246.532984667407,25633.989128116507,26157.111328125,16809
2023-09-28,26233.764447099577,26270.384430670943,25288.820411565423,25368.443359375,46905
2023-09-29,25534.02464404268,25535.014373281956,25082.263506001807,25203.455078125,22812
2023-10-03,25237.996326935267,25432.675289765593,25049.15522000552,25360.919921875,14992
2023-10-04,25327.171724105032,25361.713661838432,25053.95618907994,25205.384765625,16317
2023-10-05,25238.095335566264,25673.57619625839,25176.28751845081,25498.54296875,26035
2023-10-06,25633.69076915898,25633.69076915898,25289.61292995362,25522.396484375,9701
2023-10-09,25385.616563008112,25509.97450059104,25239.086369874658,25465.734375,6134
2023-10-10,25485.579069379877,25952.68102709498,25485.579069379877,25895.029296875,11972
2023-10-11,25958.56973305569,26643.512666033886,25930.907572440112,26229.162109375,31504
2023-10-12,26401.027225332156,26519.794733000006,26157.058969997783,26379.748046875,21583
2023-10-13,26183.287508631387,26623.17190392596,26183.287508631387,26575.369140625,14489
2023-10-16,26574.2306249298,27018.56880287932,26303.837364385552,26385.09375,28766
2023-10-17,26435.718708721965,26598.973776404557,26255.63631060888,26358.171875,22537
2023-10-18,26425.820124727623,26638.85933684186,26244.64941989884,26538.3515625,21203
2023-10-19,26287.2096643166,26326.748575807822,25732.961267779803,26027.35546875,26692
2023-10-20,26027.355417933777,26128.704082572774,25633.988289778597,25816.7421875,22799
2023-10-23,25757.706094578938,25930.413864550275,25298.027075465805,25440.1015625,16692
2023-10-25,25385.565589496175,25723.954407433925,25185.937972554842,25443.267578125,39909
2023-10-26,25416.24757401114,25633.88942641561,25115.221030870285,25170.3984375,56816
2023-10-27,25170.398323158657,25418.47434939339,25049.05790220083,25252.447265625,19096
2023-10-30,25435.941936769417,25730.979825640075,25100.572582867037,25677.08984375,25503
2023-10-31,25664.37004027738,25813.57171628827,25288.620898188383,25391.552734375,22304
2023-11-01,25507.601194727573,25525.118630099958,25066.033081211925,25159.5625,12977
2023-11-02,25238.097043094458,25683.47522620789,25165.301680161796,25626.318359375,15029
2023-11-03,25731.97188764327,25876.4723644153,25614.19410178114,25691.244140625,7457
2023-11-06,25758.693330005255,26222.282894969678,25732.56409132464,26129.841796875,20370
2023-11-07,26215.900591517948,26475.259939213942,26049.676321499475,26411.47265625,17181
2023-11-08,26395.138997009675,26427.600955794765,25930.955989855145,26000.681640625,28452
2023-11-09,26128.75293204477,26128.75293204477,25619.48698651695,25684.859375,23367
2023-11-10,25693.86704237811,26200.063310766265,25493.497122330507,26087.779296875,41966
2023-11-13,26029.881161195408,26074.666413003168,25807.439496139184,25927.146484375,10644
2023-11-15,26034.82809172158,26128.802111398432,25876.668583310005,25934.3203125,15802
2023-11-16,25930.90504028231,26005.134730283116,25700.24787699386,25905.568359375,16298
2023-11-17,25930.906156997557,26208.030344934934,25800.312156658038,25930.708984375,18638
2023-11-20,25930.710141180552,26044.726181792375,25638.98743390017,25687.087890625,19776
2023-11-21,25735.930074918466,25926.354372096175,25591.379342555385,25670.658203125,12026
2023-11-22,25664.026864352207,25831.934827342946,25614.244640213634,25730.04296875,39407
2023-11-23,25831.935586098003,25831.935586098003,25603.901561207702,25655.9609375,57461
2023-11-24,25655.95981373049,25779.32995627332,25337.06980989601,25382.00390625,13597
2023-11-28,25351.914573851158,26060.560712241844,25337.06863519772,25799.716796875,16523
2023-11-29,25972.572333781758,25972.572333781758,25649.87228695334,25838.76171875,15622
2023-11-30,25973.46625711668,26673.20487860742,25838.863071087344,26467.09375,42932
2023-12-01,26564.28371917925,26787.467672690243,26351.54218283901,26748.96875,16305
2023-12-04,26841.60664379003,27628.29256730132,26773.858515431184,27432.326171875,29221
2023-12-05,27464.887550849817,27761.90490621023,27317.516481864834,27716.228515625,20686
2023-12-06,27712.420991602765,27755.423957379775,27329.39574432597,27513.583984375,14937
2023-12-07,27613.446607450347,27860.681752093584,27268.031092539946,27732.708984375,19069
2023-12-08,27594.147221978306,27861.868992518474,27253.23574432608,27386.056640625,21927
2023-12-11,27593.652893661558,28090.100724102376,27457.911133506022,28011.912109375,22308
2023-12-12,27959.85210165688,28504.203204520996,27910.41589745004,28312.98828125,19543
2023-12-13,28214.709642487334,28635.294359485775,27930.21271206583,28243.7578125,16860
2023-12-14,28256.77263063102,28595.260064595146,28173.337674120834,28437.943359375,16406
2023-12-15,28503.215103449293,28699.825222355106,28345.8481392683,28463.52734375,18437
2023-12-18,28493.314444097003,28562.893181316842,28187.488115873515,28263.697265625,9633
2023-12-19,28405.229001682565,28429.62621390152,28115.28859595233,28292.349609375,11149
2023-12-20,28484.311026986103,28484.311026986103,27819.856639662637,27962.822265625,15113
2023-12-21,27717.369138870286,28205.305685396375,27662.93402718888,27924.025390625,32973
2023-12-22,27924.02676546776,28080.94719439268,27619.13986534954,27897.056640625,21741
2023-12-26,28078.619097765386,28563.586435019708,27966.97686404494,28312.9375,15472
2023-12-27,28306.060860723865,28949.582079570908,28137.90546572388,28350.697265625,27058
2023-12-28,28355.74405789469,28583.232947781064,28208.27439420791,28307.7421875,9507
2023-12-29,28405.229348167646,28604.164926529378,28151.908920987225,28359.009765625,11742
2024-01-01,28454.71367019392,28454.71367019392,28059.811730910187,28169.275390625,5760
2024-01-02,28316.15608505968,28316.15608505968,27662.934728326392,27800.0625,16850
2024-01-03,27800.059466072562,28142.950381244078,27732.609033091314,27931.890625,9011
2024-01-04,28147.900919090487,28205.305217729983,27885.622658065207,28066.64453125,14453
2024-01-05,27910.36765869732,27959.904385870814,26654.74713271527,26745.75390625,78459
2024-01-08,26705.915297883388,27316.52800111715,26673.254231795097,27048.955078125,34058
2024-01-09,27218.544642115874,27451.428712468874,26956.56407768985,27032.376953125,18242
2024-01-10,27111.604632796792,27111.604632796792,26524.74541374373,26566.462890625,14247
2024-01-11,26692.998469141945,26861.25244540276,26326.798638456647,26633.564453125,19750
2024-01-12,26749.712609429545,26772.17869225948,26476.2496190992,26597.986328125,14382
2024-01-15,26674.193335248554,26678.202511984902,26451.15823271093,26538.302734375,11395
2024-01-16,26613.82065529187,27067.116670915657,26359.361640994666,26803.947265625,26736
2024-01-17,26683.04962625039,26809.63638064569,25794.32304255581,25868.552734375,48405
2024-01-18,25979.305229814694,26324.819334123666,25386.555978655237,26205.2109375,28106
2024-01-19,26345.554012243545,26504.950689447738,26184.427241827078,26375.791015625,52520
2024-01-23,27316.52787565356,27875.724913687773,27133.230787916833,27211.369140625,38128
2024-01-24,27172.026567726778,27573.659466733454,26938.89507190927,27351.31640625,46946
2024-01-25,27415.452355091176,27959.358885066486,26990.363605161583,27661.748046875,25490
2024-01-29,27711.18118944251,28553.68819377352,27635.16921159673,28119.7421875,35863
2024-01-30,28142.903594796255,28405.23213025661,27711.48212084491,27789.373046875,30799
2024-01-31,27811.393042788357,28405.23061665572,27724.642883926226,28262.95703125,63061
2024-02-01,29197.01584961171,30422.053353606858,28902.175089385146,29309.400390625,174274
2024-02-02,29197.012106046903,29394.80910483709,28082.874691890585,28161.705078125,64360
2024-02-05,28702.14648973274,28702.196749418134,26424.976797762774,26677.953125,71596
2024-02-06,26971.112005193147,27628.292232393916,26951.76202497654,27286.2421875,58072
2024-02-07,27558.914418814365,27917.295020140256,27420.5011595747,27827.52734375,19792
2024-02-08,27885.823736042672,28009.6615295405,27016.03698996163,27137.345703125,32063
2024-02-09,27216.46775330148,27588.27742206243,26968.59464079418,27395.03515625,25267
2024-02-12,27395.03486551748,27473.858514458276,26930.917641886037,27033.537109375,17053
2024-02-13,27067.695130017102,27266.0439809255,26764.199660498452,27017.82421875,19098
2024-02-14,26869.44545333483,27055.152764226485,26549.193391289547,26669.609375,22415
2024-02-15,26913.96293755133,26913.96293755133,26026.675984956735,26108.87109375,21511
2024-02-16,26314.210714098983,26423.274888121246,26028.165130413316,26074.26953125,27371
2024-02-19,26201.179187721795,26665.594633357327,26034.955093055287,26587.16796875,23096
2024-02-20,26522.424812504818,26571.94908909324,26187.796088234896,26299.240234375,20365
2024-02-21,26462.93206431486,26491.437470716097,26000.896607515657,26120.8671875,23910
2024-02-22,26120.920134774984,26423.274996576954,25984.440805511545,26377.021484375,18526
2024-02-23,26076.896984476603,26552.019404522904,26076.896984476603,26264.2890625,14216
2024-02-26,26116.108227176523,26224.974870998725,25751.635995855224,25877.654296875,28996
2024-02-27,25967.188800760272,26281.39316404374,25878.004824213418,25968.478515625,21987
2024-02-28,25968.47705740387,26066.088714792757,25205.22539252386,25388.552734375,32860
2024-02-29,25506.044002714912,25613.223947108392,25227.63215373573,25287.419921875,56138
2024-03-01,25470.451142013357,25675.639742778265,25287.2729004124,25419.6875,18817
2024-03-04,25570.589760947278,25625.9158131258,25203.737561972852,25511.3984375,29764
2024-03-05,25581.59568540959,25581.59568540959,24742.643954292093,24796.978515625,47317
2024-03-06,24796.978668475174,24913.529382301534,24249.922701089206,24543.65234375,33596
2024-03-07,24638.536211377963,24818.93941854276,24376.139292445492,24495.712890625,73323
2024-03-11,24391.75755250997,25143.159762826457,24391.75755250997,25096.90625,53262
2024-03-12,25144.200463678186,25144.200463678186,24556.79148299357,24748.05078125,20622
2024-03-13,24950.906311557934,24950.906311557934,24041.459905268384,24153.1015625,35720
2024-03-14,24153.102620968304,24830.739295130203,24037.345877891315,24745.271484375,22932
2024-03-15,24722.567003922162,24927.955060428743,24294.193835728725,24857.162109375,30859
2024-03-18,24882.791915240137,25189.21148475807,24737.735800053608,25127.58984375,92583
2024-03-19,25127.589449152478,25232.43977058632,24585.789201084295,24792.712890625,16822
2024-03-20,24975.497705000274,24975.497705000274,24638.58779031037,24723.70703125,18326
2024-03-21,24975.595765535927,25183.907939576915,24715.478111579865,25145.63671875,17006
2024-03-22,25182.916948773036,25273.09241325341,25017.33770823423,25150.248046875,12712
2024-03-26,25257.280041155,25568.60868734024,24845.165794659315,25465.642578125,38595
2024-03-27,25607.572407364263,26110.011180480367,25530.929270329892,25718.66796875,27139
2024-03-28,25869.03157870962,25869.03157870962,25367.336358946977,25464.353515625,26276
2024-04-01,25630.12921242235,26260.470513671025,25580.504242573137,26232.90625,20317
2024-04-02,26232.90675145723,26495.2552615187,25810.829197989962,26307.169921875,41507
2024-04-03,26374.692224170005,26515.782382762827,26061.47935336705,26130.091796875,150756
2024-04-04,26243.81478967964,26243.81478967964,25631.072429181622,25689.818359375,85718
2024-04-05,25580.504171768724,25717.27977509146,25480.363438383116,25591.4609375,39306
2024-04-08,25847.41490800826,26026.627173234356,25624.52856107353,25734.384765625,31828
2024-04-09,25976.11028590597,26484.54838081221,25659.922961309858,25770.673828125,50143
2024-04-10,25778.805123730966,25820.397459702082,25333.624989094227,25392.123046875,24321
2024-04-12,25480.364521955344,25641.67956927965,24987.046677897844,25274.283203125,19756
2024-04-15,25100.62255924996,25310.96806726369,24789.293933732326,25080.990234375,24121
2024-04-16,25033.398994609164,25033.398994609164,24587.575962015184,24670.861328125,12999
2024-04-18,24876.542998640256,24885.466429767708,24159.69403140164,24218.04296875,35792
2024-04-19,24182.50281001539,24323.740146329714,23780.007192010245,24161.43359375,35614
2024-04-22,24325.177872981993,24465.077075359397,24149.633353851947,24188.84765625,25584
2024-04-23,24360.967926855687,24360.967926855687,24093.264982604527,24170.353515625,18872
2024-04-24,24291.564522094846,24388.63201824201,24093.266036200195,24161.828125,17535
2024-04-25,24242.982026664202,24291.56515697816,23577.690589099617,23767.66015625,48298
2024-04-26,23835.47805749156,24088.308627568946,23747.235231072395,23935.123046875,15713
2024-04-29,24043.939844448254,24089.20186220325,23845.39348084991,23939.734375,25281
2024-04-30,23969.330904955616,24812.04917079335,23969.330904955616,24236.884765625,74531
2024-05-02,24291.514565954378,25156.692423119945,24263.9522378742,24615.98046875,98202
2024-05-03,24787.310329948625,25675.490008294793,24715.824114258776,25527.509765625,221844
2024-05-06,25877.9524256471,26335.675293305154,24891.41745769619,25319.7421875,51843
2024-05-07,25357.41948728148,25662.353765826832,24841.69430051505,25179.595703125,36812
2024-05-08,25227.732328108825,25523.793533523138,24946.44668454082,25442.142578125,31956
2024-05-09,25482.000506852444,25501.18549822064,25204.53173545756,25283.80078125,31751
2024-05-10,25382.206634517024,25613.323136531926,25161.103818911663,25442.935546875,24366
2024-05-13,25579.068003807202,25901.748443060496,25374.324815417523,25771.3671875,55302
2024-05-14,25828.380215642337,26212.03747268728,25411.953356119506,25803.494140625,84461
2024-05-15,26572.047861113482,26596.635711831215,25427.617707080033,25599.98828125,224481
2024-05-16,25875.375491132036,26001.88954064196,25288.014975560465,25467.078125,51248
2024-05-17,25491.322255599633,26119.28363655539,25249.595612043446,26082.00390625,32325
2024-05-21,25897.78285873617,26076.251500182283,25422.11435465965,25613.669921875,55405
2024-05-22,25729.227205497693,25729.227205497693,25303.28246727024,25460.482421875,37478
2024-05-23,25631.069608558824,25631.069608558824,25208.74420236593,25458.451171875,73090
2024-05-24,25431.87985145929,25531.029095473,25188.865441683414,25239.876953125,30382
2024-05-27,25283.057851239668,25283.057851239668,25040.240959319548,25198.978515625,43246
2024-05-28,25273.09237956765,25506.19380541406,25196.54993649114,25416.5625,19032
2024-05-29,25235.467202480944,25283.05884265535,24971.0853390853,25110.09375,39946
2024-05-30,25106.820139019695,25106.820139019695,24489.962712967794,24849.130859375,40445
2024-05-31,25012.677010397827,25208.694283378416,24395.12441952321,24470.626953125,75751
2024-06-03,24985.609139938955,25407.291643400193,24874.660750146784,25093.9296875,42209
2024-06-04,25134.333878022233,25134.43263996656,23498.37131791428,24671.109375,77396
2024-06-05,24980.603922579525,25382.208746113265,24650.48725960422,25264.271484375,24620
2024-06-06,25337.589675569263,25579.51383447511,25218.610581025405,25418.1484375,32684
2024-06-07,25481.35612896654,26026.676979975553,25294.161578598512,25855.64453125,77513
2024-06-10,26072.286349068592,27216.468675157168,25856.140987641113,27007.95703125,68197
2024-06-11,27007.9570818934,27057.829928516123,26588.555760538977,26833.603515625,41867
2024-06-12,26661.330263516993,27484.66596650888,26661.330263516993,27304.611328125,44979
2024-06-13,27270.010322790396,27389.98091794229,26955.11268513149,27256.873046875,29976
2024-06-14,27257.120555218582,27786.577554836156,27188.161476638652,27303.720703125,37314
2024-06-18,27446.494424169105,27464.242526599548,27031.306954328746,27228.46484375,28615
2024-06-19,27246.212063877778,27520.90581709468,26855.76156908672,27209.923828125,35730
2024-06-20,27256.126911860334,27530.67155314148,27111.21990585477,27462.802734375,30646
2024-06-21,27613.06527464755,27613.06527464755,26991.94559175363,27170.662109375,59054
2024-06-24,27166.943527330142,27308.52748753563,26855.81242136575,27086.384765625,34949
2024-06-25,27166.893116559528,27346.353249920743,26877.03068624717,26985.99609375,40713
2024-06-26,26923.97847158235,27951.164687622095,26855.813363133766,27264.953125,58935
2024-06-27,27246.213313007087,28001.73058173021,27245.915090659997,27595.6640625,65372
2024-06-28,27613.066134441327,27893.06400383882,27475.34743884248,27633.29296875,38614
2024-07-01,27755.84037848262,28371.50685696974,27513.916214292087,28112.1328125,59357
2024-07-02,28112.181772184074,28284.602692572877,27372.776294612566,27462.109375,21261
2024-07-03,27661.647046119495,27661.647046119495,27053.763430267853,27150.9296875,68891
2024-07-04,27313.63388466092,27320.475569835613,26938.84974031644,27225.44140625,40849
2024-07-05,27211.508954362544,27339.312712195046,27065.36258710553,27294.49609375,16956
2024-07-08,27275.9575805232,27315.220294645984,26722.65443849656,26961.90234375,21059
2024-07-09,27107.405184528798,27613.066363903694,26975.536680887893,27539.994140625,32653
2024-07-10,27539.99326454757,27730.01124856486,27091.8386649265,27668.04296875,42280
2024-07-11,27640.626470610692,27762.777554681503,27365.386642443144,27536.3203125,14648
2024-07-12,27554.56510788482,27647.765392874247,27232.33007999584,27430.1328125,17752
2024-07-15,27320.57501552176,27598.88617729486,26582.95496694262,27381.8984375,65384
2024-07-16,27510.94154132736,28439.176016336103,27412.237691420625,27669.3828125,99512
2024-07-18,27563.49118662563,27957.113704650463,27436.777671962744,27822.865234375,30733
2024-07-19,27615.04790105004,27759.90456165665,26877.327164117953,27052.029296875,46732
2024-07-22,26975.633658351348,27754.847956598343,26771.287453152996,27682.271484375,30476
2024-07-23,27618.88947396381,28208.998475349894,27424.619648637705,27977.72265625,90200
2024-07-24,27787.774855131884,27915.83087863573,27072.640649173318,27371.51953125,40236
2024-07-25,27319.809923635876,27406.736752093006,27021.82553181722,27304.3125,20756
2024-07-26,27469.871947962107,27687.4373870639,27141.486441715086,27386.173828125,25287
2024-07-29,27617.896091333558,27617.896091333558,26977.12116403463,27059.478515625,75146
2024-07-30,27234.97058101617,27309.925566396498,26783.496311191942,27135.42578125,54585
2024-07-31,27181.275954104418,27631.20963577324,27133.39246273489,27558.736328125,51103
2024-08-01,27642.731457463044,27717.0422538297,27307.989435227348,27586.6015625,29621
2024-08-02,27375.04947098654,27613.923638692173,26875.392856576305,27116.552734375,39746
2024-08-05,26823.136613210256,26872.710131535696,26203.274571201473,26659.01953125,75142
2024-08-06,26768.497116221617,26915.12987621086,25839.62182196787,25930.373046875,155613
2024-08-07,25929.032130543263,26520.084138551323,24802.460389698972,24934.19140625,325580
2024-08-08,24885.908937977278,24885.908937977278,23870.056417951528,23985.248046875,251869
2024-08-09,24359.1844104164,24414.022047999097,23693.771143225982,24137.4453125,100935
2024-08-12,24150.75557440441,24296.19695860769,23851.180123510152,24248.4609375,96808
2024-08-13,24339.51327984162,24348.702687916662,23981.921900664714,24047.388671875,41826
2024-08-14,24050.865864436597,24304.69221847047,23853.815538911353,24179.517578125,51638
2024-08-16,24215.33072989051,24538.252254894738,24120.704668269093,24481.42578125,39023
2024-08-19,24667.649500636762,24802.360862611546,24537.208807244897,24686.17578125,28455
2024-08-20,24796.49894069219,24796.49894069219,24438.85712904759,24568.552734375,24733
2024-08-21,24595.52318875205,24729.390504951378,24510.882069966578,24645.544921875,11582
2024-08-22,24687.2200538967,25059.713167470865,24637.99385508136,24848.556640625,25066
2024-08-23,24918.097208098105,24935.58153058722,24476.50892163014,24544.212890625,28796
2024-08-26,24588.86788382025,24770.471223451594,24441.041826240133,24743.298828125,16730
2024-08-27,24743.29932136956,24885.661409691067,24568.05638326345,24650.66015625,23212
2024-08-28,24657.41478481232,24736.89073899383,24444.46928814343,24530.451171875,20949
2024-08-29,24543.7175224818,24726.56074212263,24379.301627206412,24658.7578125,41631
2024-08-30,24648.475465754625,25394.45708098762,24647.4820162578,25315.080078125,83409
2024-09-02,25422.373698207313,25581.226667529627,25094.535350399245,25260.740234375,60617
2024-09-03,25261.433527737714,25533.986006131112,25188.91171526623,25340.51171875,45076
2024-09-04,25233.618040195764,25696.565520775734,25189.26013065337,25601.939453125,46475
2024-09-05,25601.937704047898,26107.85184220012,25459.775474206224,25494.1484375,45730
2024-09-06,25718.420179751458,25718.420179751458,25115.44679302462,25442.6875,36981
2024-09-09,25384.619279616603,25681.61020408074,25147.48368199956,25629.603515625,21329
2024-09-10,25778.026542452946,25778.026542452946,25483.02250196049,25556.63671875,18493
2024-09-11,25556.488390755243,25680.570621387258,25375.73103033964,25446.314453125,30919
2024-09-12,25482.97343369018,25908.76550649019,25455.207295960707,25849.208984375,20307
2024-09-13,25909.110915210924,25973.436766373005,25645.598451570128,25713.55078125,22521
2024-09-16,25830.68001285037,25879.359037527483,25340.61060665223,25451.580078125,18917
2024-09-17,25432.30792560847,25509.399220941752,25233.618019939655,25270.474609375,13175
2024-09-18,25283.28873309918,25329.633538430568,24745.93153262696,24912.384765625,28048
2024-09-19,24946.509074557598,25161.34251756557,24528.961495667998,24768.3828125,20392
2024-09-20,24836.236798458736,25106.652968587954,24588.867879946087,24977.0078125,36895
2024-09-23,25056.782773049144,25926.00061904343,24788.700819060505,25788.060546875,33984
2024-09-24,25788.90501257719,26028.376789669524,25602.384869742822,25741.916015625,23216
2024-09-25,25741.916346068334,25883.28304693516,25537.017384931627,25733.96875,22774
2024-09-26,25730.392720066448,26023.50883336564,25594.736413541446,25951.98046875,24898
2024-09-27,25953.867561951567,26376.083589275182,25772.760946334238,26075.962890625,64958
2024-09-30,25977.711486881704,26275.00125560897,25737.991341680296,26136.564453125,36112
2024-10-01,26219.6162419484,26406.683561165373,26027.682572388134,26349.509765625,27911
2024-10-03,26214.995162153926,26524.00839537911,25780.3125115287,26087.1875,29136
2024-10-04,26197.36020503889,26326.409672973725,25695.569290243977,25863.66015625,35441
2024-10-07,25863.66210954637,25996.586428330524,25075.21246879514,25210.220703125,29707
2024-10-08,25139.240300661644,25471.599616315383,24953.366282078834,25415.3203125,26091
2024-10-09,25413.380658578295,25413.380658578295,24693.57800319555,24811.451171875,55676
2024-10-10,24935.530114213547,25031.846200147756,24438.855850410437,24480.3828125,34741
2024-10-11,24390.178603145763,24496.130380077007,24061.296371000495,24177.630859375,16368
2024-10-14,24274.937790150612,24436.870053698578,23986.83744396098,24411.23828125,15627
2024-10-15,24489.522240664257,24803.203902563964,24419.980779593854,24556.580078125,25592
2024-10-16,24568.99905882259,24568.99905882259,24103.61842663728,24279.458984375,14359
2024-10-17,24340.505356309517,24382.42814762483,23892.459647330474,24086.28125,18593
2024-10-18,24042.472098902505,24215.332317290548,23930.262750512367,24165.908203125,6317
2024-10-21,24161.089910147737,24272.65312619488,23842.638892806146,24138.587890625,29725
2024-10-22,24061.347781244313,24685.23409035337,24061.347781244313,24274.34375,59982
2024-10-23,24274.34211739664,24681.258632235105,24190.49459406395,24548.384765625,38391
2024-10-24,24476.209879333786,25199.243168073477,24438.8565679303,24901.109375,71701
2024-10-25,25005.122961692712,25017.044355238217,24557.6729358853,24793.3203125,34088
2024-10-28,24799.481270153465,25084.601292768297,24793.371167316913,24892.021484375,15081
2024-10-29,25028.966784056815,25219.01445015471,24822.428244271723,25165.814453125,13388
2024-10-30,24935.582016828957,25341.30717364707,24856.156506816125,25185.28515625,24313
2024-10-31,25180.468506048288,25387.602733003136,24807.030439745482,24907.916015625,44337
2024-11-01,25182.951080511364,25184.93797948809,24918.94187897892,25075.708984375,609
2024-11-04,25075.708560822157,25233.616578197812,24602.974077504783,24702.419921875,12419
2024-11-05,24707.08806916254,24836.236498957118,24439.850164433763,24534.12890625,8774
2024-11-06,24535.222473336908,24935.5826246409,24535.222473336908,24845.328125,6207
2024-11-07,24865.54233723604,25032.938565040204,24544.55921667596,24616.3359375,13470
2024-11-08,24553.05226994412,24686.27539107624,24086.678210097434,24372.294921875,17563
2024-11-11,24339.51136701033,24401.10523251052,23971.98552150085,24258.296875,25414
2024-11-12,23346.062994145144,24310.553042583866,23346.062994145144,24213.146484375,84516
2024-11-13,24141.021851358877,24141.021851358877,23768.87603995933,23891.666015625,34750
2024-11-14,23891.667064369496,24079.578442074937,23515.002205205976,23933.888671875,40911
2024-11-18,23827.786740219075,24023.99301185457,23680.7057690708,23778.263671875,8464
2024-11-19,23778.212280121672,24197.199580273802,23693.86803483458,23948.439453125,61232
2024-11-21,23783.130180897515,24279.40864639788,23665.05909787698,23895.291015625,18469
2024-11-22,23996.770809833102,24659.401574898668,23886.150604660827,24632.330078125,13881
2024-11-25,24808.719072925054,25594.238795796507,24798.932043342447,25300.4765625,55793
2024-11-26,25333.95670477142,25414.476566073932,24762.525305828993,24817.015625,13259
2024-11-27,24836.29029734591,25411.04939572656,24640.530278725695,25255.326171875,22143
2024-11-28,25234.859621718882,25492.06409053164,25080.42866995619,25378.263671875,25103
2024-11-29,25491.91350822274,26157.52465594329,25395.89622847417,25905.634765625,71555
2024-12-02,25829.68639159573,26877.775589408557,25829.68639159573,26608.55078125,38030
2024-12-03,26608.550536701543,27215.548161325372,26608.550536701543,26981.44140625,31134
2024-12-04,26823.38435386101,27340.72317117837,26823.38435386101,27224.390625,64106
2024-12-05,27329.792514968478,27329.792514968478,26342.005017729887,26433.701171875,23411
2024-12-06,26432.71120419498,26963.560563637373,26341.463254451395,26899.28515625,40294
2024-12-09,26898.638040502596,26919.500479520564,26279.769464909077,26536.27734375,24896
2024-12-10,26642.37958314272,27017.85305178608,26425.757139929025,26941.65625,15924
2024-12-11,27021.825845525625,27371.023337610266,26767.203967767917,27126.634765625,27741
2024-12-12,27121.17195031676,27194.240938791536,26949.70295088757,27050.388671875,7755
2024-12-13,27021.8259138538,27506.578812525255,26916.867588000885,27410.7109375,20464
2024-12-16,27321.84625091777,27930.830752110865,27321.84625091777,27907.236328125,37442
2024-12-17,27925.863883189177,28308.24296242006,27777.442148123755,28166.4765625,46165
2024-12-18,28134.49003611512,28195.53673218323,27668.56221736731,27725.984375,12410
2024-12-19,27368.489388967126,27714.209809435226,27253.697465277553,27436.193359375,8746
2024-12-20,27519.54476314097,27603.9879711431,26823.13665949988,26886.220703125,21938
2024-12-23,26953.428859789143,27204.571739158524,26764.126273918188,27021.728515625,57436
2024-12-24,27008.01463296372,27199.453498581446,26453.27209402842,26532.748046875,58697
2024-12-26,26598.965462703174,26694.883792497694,26064.937823473167,26170.142578125,39157
2024-12-27,26182.36274815012,26267.65000348851,25695.225152017698,25878.3671875,15086
2024-12-30,25819.75273878712,26275.74606341595,25378.06547515404,25621.41015625,98314
2024-12-31,25541.636398286144,25879.358770484887,25469.3125005226,25525.888671875,9098
2025-01-01,25541.935109942835,25730.24424724687,25011.184690761012,25337.185546875,16145
2025-01-02,25595.429102049693,26575.715329927763,25420.085277149283,26515.06640625,41231
2025-01-03,26675.062205793707,26778.431402904513,25830.680575289196,25925.306640625,27472
2025-01-06,25949.893822883823,26155.487416287266,25611.872637889523,25738.884765625,32735
2025-01-07,25829.586749074082,26127.7205410216,25613.709407406946,25833.560546875,20692
2025-01-08,25958.836056044798,26077.999550288267,25629.5579875245,25856.95703125,18111
2025-01-09,25829.687276423698,25901.21564118918,25501.899386523208,25791.73828125,26639
2025-01-10,25780.013647735886,25891.031625583073,25382.68430986397,25569.701171875,29569
2025-01-13,25261.035102031597,25332.862274124836,24655.23078549816,24711.55859375,39339
2025-01-14,24711.55972197762,25135.265936029096,24707.139647811033,24965.583984375,12486
2025-01-15,25114.60018975128,25217.422208563195,24904.08980205234,25128.90625,35010
2025-01-16,25183.945729949606,25625.03732379961,25139.240500843185,25250.953125,14703
2025-01-17,25183.943595306413,25470.00658873097,25040.39014956591,25149.619140625,21618
2025-01-20,25149.61852618507,25149.61852618507,24803.999022719952,24981.279296875,15923
2025-01-21,24943.131001698825,25382.633426074022,24846.269680405585,24922.41796875,15268
2025-01-22,24940.647826954497,25261.43304792836,24861.470680563696,25126.87109375,27398
2025-01-23,25034.926937482192,25854.52275984024,25017.242760576486,25756.966796875,58591
2025-01-24,25756.967220954328,26220.510368656276,25478.801361513513,25614.2578125,31358
2025-01-27,25432.307394952328,25575.860848802742,24699.68883169383,24966.77734375,42809
2025-01-28,24985.254799047125,26118.035585711677,24905.728390840603,25862.470703125,33890
2025-01-29,25862.47043056201,26896.95015492721,25726.36785118249,26476.76953125,37297
2025-01-30,26495.29939472452,27194.68787518519,26377.028450127797,26654.748046875,32714
2025-01-31,26946.32509051575,27816.5868800487,26507.866527885206,27613.82421875,48056
2025-02-01,27736.0662955737,27760.803576326973,26246.68757305371,27184.50390625,30109
2025-02-03,26823.135877299235,27541.84612525691,26680.626325965026,27374.84765625,31317
2025-02-04,27419.205432900144,27846.23930046192,27170.59470248046,27750.421875,22726
2025-02-05,27765.94813777453,28462.061644811318,27602.92853144045,28266.6484375,28456
2025-02-06,28266.350801455126,28266.350801455126,27599.444995583384,27689.86328125,14552
2025-02-07,27766.942233156075,28294.4146124956,27734.44755536488,28114.376953125,70630
2025-02-10,28172.99706613911,28364.081404018816,27802.62148809613,27910.306640625,13510
2025-02-11,28015.749421244607,28309.741013524814,27652.93722448372,27856.263671875,69686
2025-02-12,27667.418557912213,28214.79554377019,27221.95360327422,28100.39453125,18436
2025-02-13,28165.33424355466,28612.88880854185,27979.175523364844,28090.392578125,22179
2025-02-14,28364.081762717484,28611.198382405964,27777.89073962132,28419.865234375,64359
2025-02-17,28354.129706294585,28364.0820157738,27984.05346707192,28174.142578125,33067
2025-02-18,28194.892931129638,28311.931702575836,27874.08062182079,28225.943359375,22494
2025-02-19,28215.79230909692,28662.651000034966,28125.87358265577,28518.4921875,15671
2025-02-20,28513.366799777607,28762.17453799556,28153.192329171205,28360.84765625,23853
2025-02-21,28272.123749535953,28456.441696909482,28045.0614082628,28270.232421875,13779
2025-02-24,28166.029299981106,28339.049800721237,28051.727421505162,28157.470703125,11442
2025-02-25,28109.303388341174,28452.658071423517,27895.32873076812,28062.974609375,31625
2025-02-27,27966.98348154062,28374.03291906776,27609.24851256322,28171.404296875,53283
2025-02-28,27974.29909275138,28037.64593059348,26873.424004070013,27153.880859375,71987
2025-03-03,27153.881345059417,27676.029653763064,27139.948111705406,27546.8984375,39731
2025-03-04,27232.007958045786,27493.355227201737,27021.567142779546,27232.853515625,74924
2025-03-05,27309.138542369754,28096.465394892948,27029.97624786776,28021.17578125,30701
2025-03-06,28065.512552674016,28411.85292034531,27841.237648750106,27927.921875,22246
2025-03-07,27927.922034662995,28341.191685518475,27766.993968012983,27851.736328125,15712
2025-03-10,27851.736411712707,28215.792670842267,27648.411894860707,27750.671875,15735
2025-03-11,27449.91242960885,28056.457109890496,27449.91242960885,27803.767578125,13576
2025-03-12,27965.98953225455,28065.512626675383,27121.088999693045,27399.703125,30641
2025-03-13,27605.26779790849,27605.26779790849,27269.326828019457,27364.0234375,17124
2025-03-17,27364.024756811225,27897.915624622306,27242.804849075772,27602.33203125,54828
2025-03-18,27602.33203125,27602.33203125,27602.33203125,27602.33203125,0
2025-03-19,27717.181918381702,28554.2702804832,27622.63497826514,28391.798828125,35602
2025-03-20,28606.919596716354,28662.553397858657,28043.270913894812,28492.318359375,25300
2025-03-21,28661.656302249852,29180.171630333196,28505.50417648915,28849.158203125,63982
2025-03-24,28911.458514722442,29503.22243690198,28793.026034059727,29302.236328125,20004
2025-03-25,29558.359789017377,30031.09449944779,29307.46245041209,29403.154296875,79264
2025-03-26,29414.150575591382,29889.67271256854,29310.547419943578,29788.357421875,24799
2025-03-27,29788.357088376524,30352.553910072587,29589.310895773255,30002.6796875,71437
2025-03-28,30553.589547885676,31088.97324910044,30293.387198787863,30357.478515625,58593
2025-04-01,30400.472806631784,30463.46975644371,29913.8048955419,30102.15234375,19571
2025-04-02,30353.34887053148,30353.547139186816,29893.801003666355,30129.0234375,52150
2025-04-03,29856.92863224872,30991.44138120227,29757.456075879796,30754.626953125,26224
2025-04-04,30754.6256486555,30852.15827805063,30367.978439267674,30548.115234375,14821
2025-04-07,29459.135381747143,30103.646554344054,29249.8375360423,29609.6640625,54086
2025-04-08,30102.749328992715,30449.03914653661,30021.937356640374,30288.060546875,42775
2025-04-09,30264.02784692892,30491.935729578778,29985.262108779174,30225.412109375,39073
2025-04-11,30491.886230471475,30563.49232070244,29613.09729054373,29964.36328125,32572
2025-04-15,30852.158634538155,31095.990210843374,30011.188504016067,30976.5625,39498
2025-04-16,30852.15750558036,31140.774462890626,30444.112841796876,30653.111328125,25525
2025-04-17,30648.135866620465,30941.72898500504,30379.423520980345,30852.158203125,36538
2025-04-21,30852.15912624378,31265.179966159623,30573.49446316803,31006.419921875,28359
2025-04-22,31140.77564211117,31235.322579982712,30653.112488879004,30762.587890625,45981
2025-04-23,30762.588362423845,30986.515323974974,30135.592870080687,30220.1875,27170
2025-04-24,30389.37714427109,30702.874894408484,30115.68863224638,30558.56640625,55566
2025-04-25,30842.20744758411,30842.20744758411,29812.143404078157,30394.353515625,26946
2025-04-28,30394.35185803865,30682.968820672286,30185.353367855674,30255.01953125,22491
2025-04-29,30633.207943900918,30633.207943900918,29548.40623308701,29881.80859375,25432
2025-04-30,30046.02138708032,30284.87680718298,29399.12129096895,29568.310546875,22258
2025-05-02,29568.31260539404,29682.76416882791,28841.793985335553,29140.36328125,17300
2025-05-05,29200.077003626568,29483.7178334164,29195.100848717975,29329.45703125,14607
2025-05-06,29478.74094481304,29782.286386682317,29229.933205575926,29344.384765625,28266
2025-05-07,28896.529969603376,29478.74006198216,28896.529969603376,29428.978515625,11379
2025-05-08,29553.381035694172,29608.118734194366,28961.218661010287,29269.740234375,44201
2025-05-09,28936.338817741296,29438.930429193035,28583.031843354427,29090.599609375,24760
2025-05-12,29468.788899172476,30095.784407665506,29468.788899172476,29991.28515625,13032
2025-05-13,30065.926338452686,30299.80560656048,29508.59701870646,30001.236328125,39445
2025-05-14,30150.520654839056,30762.587669287845,29966.402935045517,30473.970703125,98120
2025-05-15,30842.205334394905,31683.175437898088,30747.658399681528,31250.25,172193
2025-05-16,31250.251907717855,31568.725812509885,30857.135681490196,31464.2265625,34222
2025-05-19,31464.225338706485,31499.05842068829,31041.25220035601,31449.296875,28500
2025-05-20,31160.679652185765,31767.77050455987,31160.679652185765,31374.654296875,29706
2025-05-21,31349.774575013893,31648.34385668069,31235.323017041617,31339.822265625,31519
2025-05-22,31339.821598416107,31499.05854524833,31155.703878641354,31260.203125,34673
2025-05-23,31280.108816255557,31668.24888747222,31240.299578182054,31344.798828125,19027
2025-05-26,31344.797854388566,31543.844038572646,30852.158548532956,30951.681640625,15503
2025-05-27,31180.58422796345,31180.58422796345,30613.302612580777,30802.396484375,37923
2025-05-28,31081.063025275966,31081.063025275966,29682.763519976164,29752.4296875,34686
2025-05-29,29757.405520067274,29876.83323452908,29473.76469822048,29772.333984375,50069
2025-05-30,29807.166355169793,29931.570221426762,29339.40781804359,29453.859375,65782
2025-06-02,29642.95181505812,29642.95181505812,29050.789440374236,29269.740234375,25260
2025-06-03,29259.788976063828,29493.66824168883,29110.504338430852,29234.908203125,26184
2025-06-04,29210.026875371517,29558.35768989895,29075.670704053795,29299.59765625,16028
2025-06-05,29319.50448394884,29473.765284865745,29200.076767109942,29374.2421875,27504
2025-06-06,29553.382877164273,29697.69136402027,29309.55129592483,29458.8359375,28546
2025-06-09,29558.35785572087,29747.451727525146,29205.050884718148,29682.76171875,26404
2025-06-10,29856.92712699078,30001.23560810457,29593.19093736903,29682.76171875,22926
2025-06-11,29807.16599139918,30055.973720876635,29513.572870615782,29687.73828125,35659
2025-06-12,29841.999373736948,29901.71322941226,29389.169301532504,29548.40625,36013
2025-06-13,29448.882491266675,29553.38173633538,29100.55167437099,29468.787109375,16460
2025-06-16,29558.358175798945,29762.380513376007,29404.097383972385,29662.857421875,19409
2025-06-17,29707.643348956575,29757.404895604745,29364.288677084212,29478.740234375,17595
2025-06-18,29637.97687574646,29637.97687574646,29085.62371369007,29165.2421875,13011
2025-06-19,29329.45569984647,29329.45569984647,28956.24409864381,29170.21875,15605
2025-06-20,29279.695813041126,29414.05199709145,28453.65408887987,28737.294921875,296684
2025-06-23,28617.865360868305,28777.102309494247,28314.319927550107,28428.771484375,35494
2025-06-24,28597.961715187026,28632.794798883966,28219.773949334543,28369.05859375,79141
2025-06-25,28508.390535656705,29045.81524814596,28339.201274317496,28936.33984375,92269
2025-06-26,28991.077558622943,30006.21312710202,28991.077558622943,29961.427734375,98924
2025-06-27,29861.905814748327,31130.825325290043,29856.929659805028,30882.017578125,218128
2025-06-30,30747.661394655875,30976.564522047716,30449.092098057827,30882.017578125,42009
2025-07-01,30956.656919204444,31499.057755756974,30956.656919204444,31036.275390625,46618
2025-07-02,31285.08507606323,31548.821279185762,30882.01653921559,31489.107421875,20945
2025-07-03,31489.10705760662,31732.938638804902,31190.537774506683,31270.15625,26592
2025-07-04,31399.535516126456,31424.41628911863,31026.323921243813,31165.65625,12514
2025-07-07,31165.656699272124,31235.322864654496,30677.993541595504,30956.658203125,15768
2025-07-08,31120.871587335263,31200.49006277456,30807.373840293032,31150.728515625,27148
2025-07-09,31110.919574371343,31523.940419648505,31001.444169599083,31464.2265625,25101
2025-07-10,31459.249672965114,31509.011219426622,30822.30187825782,31026.32421875,31524
2025-07-11,31180.58395746556,31419.439372396668,30911.871615668057,31061.15625,26485
2025-07-14,31061.157041926246,31319.917081365555,30747.659301836313,30951.681640625,24794
2025-07-15,31001.443508938628,31046.2289008456,30682.96961093348,30931.77734375,13064
2025-07-16,31041.25231245457,31041.25231245457,30454.066071212244,30807.373046875,15939
2025-07-17,30852.159233668342,30852.159233668342,30553.589950761874,30697.8984375,10121
2025-07-18,30747.65940329145,30941.72943351129,30578.47014617672,30643.16015625,21051
2025-07-21,30812.68113554384,31505.717167556882,30792.737652608215,31445.88671875,48993
2025-07-22,31445.886600397087,32398.187906989104,31410.985505391098,32253.59765625,59832
2025-07-23,32398.188355689515,32398.188355689515,31465.83051904533,32024.248046875,34639
2025-07-24,32024.247399319775,32178.80939050441,31575.519037815993,31655.29296875,20833
2025-07-25,31655.292489145802,31655.292489145802,30683.047720617935,30862.5390625,16681
2025-07-28,30992.17180373432,31415.97080684201,30368.937975634773,30608.259765625,27460
2025-07-29,30608.261043730476,30623.21865622945,30024.91415627055,30324.06640625,20699
2025-07-30,30413.81096891345,30693.01972534938,30139.58808312817,30503.556640625,18682
2025-07-31,30314.09414556962,30932.342118275315,30304.12240407437,30722.935546875,15010
2025-08-01,30902.426256876526,30947.299092680318,30453.69789883863,30588.31640625,29448
2025-08-04,30638.17627709965,31022.088331344836,30034.88590614293,30558.40234375,91108
2025-08-05,30792.737067538485,30792.737067538485,29915.223835043867,30119.64453125,38269
2025-08-06,30214.37626502699,30588.31656533673,30014.94143819513,30483.61328125,45369
2025-08-07,30214.37622966278,30623.21762418957,30094.71533370372,30568.373046875,13398
2025-08-08,30473.64102827552,30847.581322307044,30244.29098126952,30329.05078125,14155
2025-08-11,30348.995314476073,30757.836716773927,30264.235511560666,30553.416015625,18515
2025-08-12,30553.416464567577,30613.246914563464,30269.2218270871,30324.06640625,19839
2025-08-13,30363.953372913926,30648.1480103944,30164.518539594294,30324.06640625,47546
2025-08-14,30523.500318667764,30523.500318667764,30144.574146792762,30314.09375,34703
2025-08-18,30912.3982929164,31829.79850031908,30668.090628988513,31251.4375,40018
2025-08-19,31405.998743313685,31510.702025359973,30553.414875222457,30817.666015625,44452
2025-08-20,30937.32873881201,31136.763573550525,30533.47319846652,30603.275390625,29464
2025-08-21,30702.99284736971,30862.540715365136,30314.09491913086,30518.515625,12148
2025-08-22,30712.964401766374,30712.964401766374,29825.479391455592,29920.2109375,23082
2025-08-25,30064.800148753748,30294.150199639764,29855.393580553475,29930.181640625,36110
2025-08-26,29915.224904516774,30413.81198625872,29596.129172201927,30024.9140625,27970
2025-08-28,30064.80029420282,30069.786164898378,29546.269741864995,29591.142578125,32689
2025-08-29,29710.80399898591,29845.422510140903,29127.45711731426,29192.2734375,63260
2025-09-01,29267.061239982635,29890.295082401342,29222.188403328488,29785.591796875,37442
2025-09-02,29815.506738102184,30069.786143393692,29660.944746650483,29910.23828125,23155
2025-09-03,30014.942397816467,30189.44787687354,29795.564081287575,29855.39453125,23539
2025-09-04,30294.149646748207,30663.1040697007,29760.66149464122,29860.37890625,25439
2025-09-05,30014.941776849617,30014.941776849617,29586.156894323194,29955.111328125,16653
2025-09-08,29915.22405998852,30568.3731186316,29910.238189311855,30398.853515625,12239
2025-09-09,30413.811485591257,30573.359349122227,30029.89943896986,30104.6875,22879
2025-09-10,30214.376555181498,30433.754866803276,29665.930776127047,29805.53515625,34161
2025-09-11,29840.43662295979,30014.942100287044,29541.28437611308,29745.705078125,20878
2025-09-12,29765.649136742522,29850.408941654518,29416.63817534018,29496.412109375,21104
2025-09-15,29715.789869769425,29715.789869769425,29147.400600448334,29192.2734375,25565
2025-09-16,29416.637719251903,29815.50738324176,29346.835528053678,29491.42578125,40795
2025-09-17,29695.846780518357,30104.6881901897,29456.524979735135,29601.115234375,47492
2025-09-18,29795.56395767273,29940.154211148718,29566.213900434956,29875.337890625,36221
2025-09-19,30059.813639976575,30059.813639976575,29601.113547941768,29795.5625,62728
2025-09-22,29915.224972647702,29915.224972647702,29566.214014633482,29621.05859375,42575
2025-09-23,29810.52164664369,30029.899962825715,29606.100942928624,29705.818359375,33031
2025-09-24,29915.223835370994,29915.223835370994,29471.481348479658,29566.212890625,35863
2025-09-25,29621.058795911507,29830.465372149225,29346.83589845735,29431.595703125,31286
2025-09-26,29431.595048480198,29551.255946525856,28713.629660206243,28828.3046875,20857
2025-09-29,28828.30400175509,30024.912953747687,28638.84091768959,29650.97265625,143519
2025-09-30,29516.354113275243,29621.057396447333,29047.682274314455,29182.30078125,29375
2025-10-01,29182.30157230063,29371.764661271656,28848.248231220132,29212.216796875,26328
2025-10-03,29217.20191082291,29291.989970321603,28908.077931561646,29097.541015625,13811
2025-10-06,28918.05042189367,29287.00485831093,28823.318877408154,29212.216796875,12202
2025-10-07,29287.00486991513,29665.93104800732,29272.047257622016,29446.552734375,13596
2025-10-08,29591.142047910085,29606.09965972874,29087.56911668196,29202.244140625,10980
2025-10-09,29267.061177823467,29636.015611751736,29212.216599807103,29401.6796875,22117
2025-10-10,29386.722322603582,29621.058248827263,29262.075553335668,29361.79296875,17432
2025-10-13,29341.849411193652,29586.157078338678,29187.287417693737,29531.3125,13296
2025-10-14,29556.241853790307,29660.945139709605,29366.77876498396,29531.3125,15385
2025-10-15,29541.28466894727,30014.942397816467,29451.538994003633,29855.39453125,15822
2025-10-16,29900.26595952391,30199.418195237005,29855.393124166945,29925.1953125,12514
2025-10-17,29890.29423344613,29955.110551216738,29466.495232638303,29606.099609375,16520
2025-10-20,29750.68995932793,29755.67582994287,28683.713647731453,28798.388671875,23281
2025-10-21,28962.92294972474,29002.809915398317,28673.74244859132,28868.19140625,1726
2025-10-23,28942.97934319177,29267.060937904516,28768.47386911568,28888.134765625,48966
2025-10-24,29017.76856574421,29027.74030751938,28444.393413671944,28623.884765625,25030
2025-10-27,28763.488392944975,28848.248195801636,28439.406793787162,28509.208984375,36230
2025-10-28,28698.67161262463,28698.67161262463,28220.02802770247,28504.22265625,34211
2025-10-29,28504.223185151703,29341.849474307815,28369.60467439447,29127.45703125,79429
2025-10-30,29117.485266614472,29117.485266614472,28598.954707072025,28658.78515625,22402
2025-10-31,28648.813140233135,28658.784881667256,28180.14129282939,28230.0,24223
2025-11-03,28310.0,28395.0,27860.0,27975.0,12006
2025-11-04,28095.0,28095.0,27540.0,27600.0,12031
2025-11-06,27620.0,27690.0,27400.0,27450.0,15109
2025-11-07,27400.0,27760.0,27210.0,27375.0,23046
2025-11-10,27400.0,27535.0,27035.0,27090.0,32166
2025-11-11,27250.0,27250.0,26915.0,27035.0,19431
2025-11-12,27245.0,27245.0,26970.0,27095.0,24395
2025-11-13,27200.0,27275.0,26950.0,26995.0,14547
2025-11-14,26955.0,27090.0,26610.0,26700.0,18167
2025-11-17,26820.0,26820.0,26610.0,26680.0,20761
2025-11-18,26690.0,26760.0,26300.0,26420.0,36817
2025-11-19,26495.0,26630.0,26405.0,26510.0,12630
2025-11-20,26520.0,26620.0,26395.0,26480.0,15461
2025-11-21,26505.0,26750.0,26420.0,26480.0,15422
2025-11-24,26490.0,26540.0,26325.0,26490.0,23404
2025-11-25,26490.0,26505.0,26360.0,26455.0,35989
2025-11-26,26655.0,26975.0,26480.0,26935.0,16119
2025-11-27,26935.0,26945.0,26615.0,26755.0,25657
2025-11-28,26780.0,26865.0,26325.0,26400.0,15137
2025-12-01,26550.0,26565.0,26320.0,26415.0,16587
2025-12-02,26250.0,26645.0,26165.0,26545.0,34844
2025-12-03,26645.0,26685.0,26115.0,26300.0,36102
2025-12-04,26270.0,26490.0,26180.0,26450.0,9275
2025-12-05,26450.0,26455.0,26015.0,26075.0,30319
2025-12-08,26000.0,26365.0,26000.0,26135.0,48562
2025-12-09,26135.0,26350.0,25750.0,26100.0,117831
2025-12-10,26000.0,26095.0,25645.0,25885.0,32453
2025-12-11,25745.0,26350.0,25740.0,26080.0,46366
2025-12-12,26100.0,26460.0,26100.0,26285.0,23933
2025-12-15,26285.0,26720.0,26025.0,26625.0,66214
2025-12-16,26680.0,26700.0,25915.0,25990.0,30430
2025-12-17,25990.0,26185.0,25900.0,26045.0,64316
2025-12-18,26045.0,26090.0,25535.0,25645.0,23636
2025-12-19,25490.0,25715.0,25360.0,25600.0,47019
2025-12-22,25850.0,25850.0,25605.0,25710.0,13917
2025-12-23,25710.0,26150.0,25600.0,25940.0,46538
2025-12-24,25945.0,26190.0,25850.0,26145.0,18508
2025-12-26,26140.0,26490.0,26070.0,26420.0,46123
2025-12-29,26450.0,26450.0,26170.0,26275.0,57381
2025-12-30,26275.0,26405.0,26090.0,26340.0,137300
2025-12-31,26400.0,26635.0,26270.0,26575.0,24906
2026-01-01,26600.0,26865.0,26425.0,26835.0,9497
2026-01-02,26775.0,27095.0,26705.0,27045.0,36285
2026-01-05,27070.0,27690.0,27070.0,27645.0,23089
2026-01-06,27670.0,28090.0,27545.0,27670.0,35574
2026-01-07,27560.0,27665.0,27205.0,27320.0,22391
2026-01-08,27330.0,27360.0,26780.0,26850.0,17963
2026-01-09,26850.0,27085.0,26670.0,26950.0,33316
2026-01-12,26965.0,27245.0,26685.0,27165.0,22728
2026-01-13,27180.0,27400.0,26920.0,27155.0,16064
2026-01-14,26945.0,27670.0,26930.0,27550.0,37405
2026-01-15,27550.0,27550.0,27550.0,27550.0,0
2026-01-16,27550.0,27900.0,27370.0,27840.0,32929
2026-01-19,27610.0,27980.0,27445.0,27510.0,10707
2026-01-20,27500.0,27915.0,27095.0,27225.0,42671
2026-01-21,27225.0,27450.0,26990.0,27370.0,25027
2026-01-22,27500.0,27715.0,27330.0,27430.0,14663
2026-01-23,27455.0,27555.0,26935.0,27000.0,24439
2026-01-27,27200.0,27720.0,27040.0,27220.0,32223
2026-01-28,27200.0,27550.0,27045.0,27480.0,18343
2026-01-29,27500.0,27500.0,26865.0,27055.0,28182
2026-01-30,27055.0,27200.0,26805.0,26985.0,42402
2026-02-02,26385.0,26850.0,26110.0,26800.0,42072
2026-02-03,27200.0,27435.0,26780.0,27020.0,51933
2026-02-04,27080.0,27525.0,26905.0,27350.0,25807
2026-02-05,27460.0,27545.0,27100.0,27225.0,38447
2026-02-06,27270.0,27430.0,27040.0,27330.0,14772
2026-02-09,26685.0,27260.0,26435.0,27145.0,74200
2026-02-10,27070.0,27090.0,26450.0,26525.0,38471
2026-02-11,26600.0,26850.0,26365.0,26805.0,25422
2026-02-12,26750.0,26800.0,26280.0,26340.0,28166
2026-02-13,26090.0,26255.0,25750.0,26130.0,27809
2026-02-16,25940.0,26375.0,25915.0,26315.0,11713
2026-02-17,26200.0,26440.0,26125.0,26370.0,12987
2026-02-18,26495.0,26780.0,26335.0,26635.0,24271
2026-02-19,26780.0,27150.0,26110.0,26215.0,32451
2026-02-20,26250.0,26700.0,25965.0,26510.0,16060
2026-02-23,26520.0,27045.0,26365.0,26550.0,24261
2026-02-24,26460.0,26790.0,26270.0,26525.0,28322
2026-02-25,26400.0,26980.0,26400.0,26865.0,16889
2026-02-26,26865.0,27020.0,26605.0,26745.0,12433
2026-02-27,26850.0,26865.0,25965.0,26075.0,45243
2026-03-02,25200.0,26215.0,25185.0,26125.0,28282
2026-03-04,25865.0,25865.0,24955.0,25355.0,37304
2026-03-05,25355.0,25520.0,24760.0,25200.0,37079
2026-03-06,25150.0,25275.0,24825.0,24875.0,19762
2026-03-09,24600.0,24600.0,23520.0,23590.0,37789
2026-03-10,23925.0,24245.0,23850.0,23960.0,69919
2026-03-11,24130.0,24130.0,23695.0,23740.0,44506
2026-03-12,23740.0,23740.0,23315.0,23500.0,40125
2026-03-13,23500.0,23505.0,22855.0,22965.0,48594
2026-03-16,22970.0,23470.0,22945.0,23315.0,43173
2026-03-17,23395.0,23780.0,23170.0,23675.0,15748
2026-03-18,23910.0,24000.0,23705.0,23925.0,16992
2026-03-19,23410.0,23645.0,23125.0,23335.0,20065
2026-03-20,23405.0,23710.0,23360.0,23535.0,29852
2026-03-23,23495.0,23495.0,22550.0,22725.0,36958
2026-03-24,23085.0,23475.0,22615.0,23325.0,39516
2026-03-25,23500.0,24355.0,23445.0,24230.0,19081
2026-03-27,24220.0,24220.0,23565.0,23705.0,52525
2026-03-30,23365.0,23625.0,22955.0,23020.0,81205
2026-04-01,23490.0,23510.0,23080.0,23265.0,19991
2026-04-02,22955.0,23265.0,22675.0,23125.0,20490
2026-04-06,23460.0,24015.0,22980.0,23695.0,31374
2026-04-07,23390.0,23525.0,23140.0,23350.0,57843
2026-04-08,24200.0,24700.0,23895.0,24360.0,31556
2026-04-09,24200.0,24320.0,23665.0,23990.0,103272
2026-04-10,23990.0,24495.0,23940.0,24340.0,75983
2026-04-13,23940.0,24395.0,23600.0,24300.0,24038
2026-04-15,24700.0,25150.0,24545.0,24965.0,82224
2026-04-16,25200.0,25275.0,24830.0,25110.0,34710
2026-04-17,25110.0,25325.0,25055.0,25290.0,16254
2026-04-20,25300.0,25520.0,25050.0,25490.0,35020
2026-04-21,25420.0,25890.0,25230.0,25540.0,8307
2026-04-22,25590.0,25800.0,25455.0,25735.0,11486
2026-04-23,25605.0,25850.0,25125.0,25470.0,15269
2026-04-24,25470.0,25550.0,24815.0,24950.0,11419
2026-04-27,25070.0,25465.0,25020.0,25125.0,35881
2026-04-28,25200.0,25230.0,24680.0,24890.0,29353
2026-04-29,25100.0,25355.0,24500.0,24555.0,11849
2026-04-30,24450.0,24450.0,23800.0,24195.0,32295
2026-05-01,24195.0,24195.0,24195.0,24195.0,0
2026-05-04,24295.0,24900.0,24295.0,24740.0,12120
2026-05-05,24600.0,24990.0,24405.0,24845.0,19537
2026-05-06,25105.0,25200.0,24660.0,24975.0,52938
2026-05-07,25450.0,25990.0,25430.0,25595.0,58542
2026-05-08,25590.0,25590.0,25165.0,25435.0,30524
2026-05-11,25190.0,25385.0,25000.0,25205.0,11351
2026-05-12,25100.0,25325.0,24800.0,24860.0,19036
2026-05-13,24705.0,25285.0,24705.0,24995.0,13838
2026-05-14,25210.0,25300.0,24900.0,25025.0,14353
2026-05-15,25030.0,25385.0,24905.0,24970.0,6055
2026-05-18,24800.0,24905.0,24160.0,24475.0,14351
2026-05-19,24450.0,24585.0,24270.0,24425.0,16083
2026-05-20,24350.0,24545.0,23990.0,24420.0,13297
2026-05-21,24510.0,24870.0,24400.0,24605.0,11833
2026-05-22,24610.0,25030.0,24610.0,24785.0,13414
2026-05-25,24950.0,25425.0,24870.0,25355.0,11177
2026-05-26,25355.0,25395.0,24890.0,25180.0,17032
2026-05-27,25390.0,25600.0,25105.0,25400.0,7231
2026-05-28,25400.0,25400.0,25400.0,25400.0,0
2026-05-29,25405.0,25575.0,25025.0,25275.0,86354
2026-06-01,25275.0,25295.0,24970.0,25060.0,38284
2026-06-02,24890.0,25255.0,24655.0,24995.0,22992
2026-06-03,24950.0,24960.0,24500.0,24775.0,26132
2026-06-04,24605.0,24805.0,24415.0,24485.0,28175
2026-06-05,24625.0,24690.0,24030.0,24085.0,22308
2026-06-08,24030.0,24090.0,23410.0,23535.0,45226
2026-06-09,23535.0,23625.0,23290.0,23415.0,51825
2026-06-10,23415.0,24125.0,23290.0,23850.0,55011
2026-06-11,23685.0,23830.0,23510.0,23700.0,20405
2026-06-12,23785.0,24315.0,23785.0,24175.0,19388
2026-06-15,24675.0,25130.0,24560.0,24825.0,22005
2026-06-16,24970.0,25040.0,24550.0,24870.0,48164
2026-06-17,24950.0,25455.0,24740.0,24970.0,22298
2026-06-18,25170.0,25470.0,24795.0,25410.0,24779
2026-06-19,25350.0,25405.0,24940.0,25075.0,14059
2026-06-22,25250.0,25260.0,24900.0,24995.0,30107
2026-06-23,25025.0,25180.0,24765.0,25035.0,18096
2026-06-24,25540.0,26165.0,24955.0,26070.0,59710
2026-06-25,26085.0,26335.0,25660.0,25735.0,32062
2026-06-26,25735.0,25735.0,25735.0,25735.0,0
2026-06-29,25865.0,25960.0,25040.0,25145.0,95945
2026-06-30,25280.0,25385.0,25055.0,25250.0,30948
2026-07-01,25590.0,26050.0,25525.0,25920.0,33234
2026-07-02,26020.0,26330.0,25965.0,26220.0,10263
2026-07-03,26495.0,26970.0,26345.0,26765.0,21488
